player_name,signing_team_abbr,season,player_id,override_note
Aatu Jamsen,LAK,20242025,NA,NA
Adam Engstrom,MTL,20242025,NA,NA
Adam Jiricek,STL,20242025,NA,NA
Adam Klapka,CGY,20222023,NA,NA
Adam Sykora,NYR,20222023,NA,NA
Aidan Fulp,NYI,20232024,NA,NA
Aku Raty,ARI,20232024,NA,NA
Aleksandr Kisakov,BUF,20222023,NA,NA
Aleksanteri Kaskimaki,STL,20242025,NA,NA
Aleksi Heimosalmi,CAR,20212022,NA,NA
Alex Jefferies,NYI,20242025,NA,NA
Alex Limoges,WPG,20222023,NA,NA
Alex Limoges,WSH,20232024,NA,NA
Alex Limoges,WSH,20242025,NA,NA
Alexander Nylander,BUF,20162017,NA,NA
Alexander Nylander,CHI,20212022,NA,NA
Alexander Nylander,PIT,20222023,NA,NA
Alexander Nylander,PIT,20232024,NA,NA
Alexander Nylander,TOR,20242025,NA,NA
Alexander Pashin,CAR,20222023,NA,NA
Alexander Suzdalev,WSH,20222023,NA,NA
Alexandre Doucet,DET,20232024,NA,NA
Alexis Gendron,PHI,20232024,NA,NA
Amadeus Lombardi,DET,20222023,NA,NA
Andre Lee,LAK,20222023,NA,NA
Andre Lee,LAK,20242025,NA,NA
Andre Lee,LAK,20252026,NA,NA
Andrew Basha,CGY,20242025,NA,NA
Andrew Cristall,WSH,20232024,NA,NA
Andrew Gibson,DET,20242025,NA,NA
Angus Booth,LAK,20232024,NA,NA
Anthony (AJ) Spellacy,CHI,20252026,NA,NA
Anton Malmstrom,STL,20232024,NA,NA
Anton Wahlberg,BUF,20232024,NA,NA
Antonio Stranges,DAL,20222023,NA,NA
Antti Saarela,CHI,20232024,NA,NA
Antti Tuomisto,DET,20232024,NA,NA
Anttoni Honka,CAR,20222023,NA,NA
Arshdeep Bains,VAN,20222023,NA,NA
Artem Duda,UTA,20242025,NA,NA
Artem Grushnikov,DAL,20212022,NA,NA
Artem Guryev,SJS,20232024,NA,NA
Arttu Hyry,DAL,20242025,NA,NA
Austin Roest,NSH,20242025,NA,NA
Beau Akey,EDM,20232024,NA,NA
Beckett Sennecke,ANA,20242025,NA,NA
Ben Danford,TOR,20242025,NA,NA
Ben Hemmerling,VGK,20232024,NA,NA
Ben Steeves,FLA,20242025,NA,NA
Bennett MacArthur,TBL,20222023,NA,NA
Berkly Catton,SEA,20242025,NA,NA
Bogdan Trineyev,WSH,20222023,NA,NA
Brad Lambert,WPG,20222023,NA,NA
Bradly Nadeau,CAR,20242025,NA,NA
Brady Stonehouse,EDM,20232024,NA,NA
Braeden Kressler,TOR,20212022,NA,NA
Brandon Coe,SJS,20212022,NA,NA
Brandon Coe,SJS,20242025,NA,NA
Brandon Scanlin,NYR,20222023,NA,NA
Brandon Scanlin,NYR,20232024,NA,NA
Brandon Scanlin,NYR,20242025,NA,NA
Brendan Brisson,VGK,20222023,NA,NA
Brett Harrison,BOS,20222023,NA,NA
Bryce McConnell-Barker,NYR,20232024,NA,NA
Bryce Montgomery,CAR,20242025,NA,NA
Caden Price,SEA,20242025,NA,NA
Caedan Bankier,MIN,20232024,NA,NA
Calle Odelius,NYI,20222023,NA,NA
Calum Ritchie,COL,20242025,NA,NA
Cam Allen,WSH,20242025,NA,NA
Cam Squires,NJD,20242025,NA,NA
Camden Thiesing,NYI,20242025,NA,NA
Cameron Butler,CBJ,20232024,NA,NA
Cameron Hebig,EDM,20172018,NA,NA
Cameron Hebig,UTA,20252026,NA,NA
Cameron Lund,SJS,20252026,NA,NA
Cameron Wright,EDM,20242025,NA,NA
Carl Berglund,EDM,20232024,NA,NA
Carson Rehkopf,SEA,20242025,NA,NA
Cedric Pare,TOR,20242025,NA,NA
Charles-Alexis Legault,CAR,20242025,NA,NA
Chase Bradley,COL,20242025,NA,NA
Chase Stillman,NJD,20212022,NA,NA
Chase Wheatcroft,DAL,20232024,NA,NA
Chaz Lucius,WPG,20222023,NA,NA
Christian Felton,VAN,20242025,NA,NA
Christian Kyrou,DAL,20232024,NA,NA
Christoffer Sedoff,VGK,20232024,NA,NA
Colby Barlow,WPG,20232024,NA,NA
Cole Beaudoin,UTA,20242025,NA,NA
Cole Clayton,CBJ,20242025,NA,NA
Cole Krygier,LAK,20232024,NA,NA
Collin Graf,SJS,20242025,NA,NA
Colton Dach,CHI,20212022,NA,NA
Colton Poolman,BUF,20242025,NA,NA
Connor Clattenburg,EDM,20242025,NA,NA
Connor Punnett,DAL,20242025,NA,NA
Conor Geekie,ARI,20222023,NA,NA
Corey Andonovski,PIT,20222023,NA,NA
Corey Andonovski,PIT,20242025,NA,NA
Corson Ceulemans,CBJ,20232024,NA,NA
Coulson Pitre,ANA,20242025,NA,NA
Cross Hanas,DET,20222023,NA,NA
Curtis Douglas,TOR,20222023,NA,NA
Curtis Douglas,UTA,20242025,NA,NA
Daemon Hunt,MIN,20212022,NA,NA
Dalibor Dvorsky,STL,20232024,NA,NA
Daniil Misyul,NJD,20232024,NA,NA
Danil Zhilkin,WPG,20222023,NA,NA
Danila Klimovich,VAN,20212022,NA,NA
David Edstrom,VGK,20232024,NA,NA
David Goyette,SEA,20232024,NA,NA
David Reinbacher,MTL,20232024,NA,NA
David Spacek,MIN,20232024,NA,NA
Daylan Kuefler,NYI,20232024,NA,NA
Declan Carlile,TBL,20222023,NA,NA
Declan Carlile,TBL,20242025,NA,NA
Denton Mateychuk,CBJ,20222023,NA,NA
Denver Barkey,PHI,20242025,NA,NA
Djibril Toure,OTT,20232024,NA,NA
Dmitry Kuzmin,WPG,20212022,NA,NA
Domenick Fensore,CAR,20232024,NA,NA
Dominik Badinka,CAR,20242025,NA,NA
Dominik Shine,DET,20252026,NA,NA
Drew Bavaro,BOS,20242025,NA,NA
Dylan Duke,TBL,20242025,NA,NA
Dylan Peterson,STL,20242025,NA,NA
Dylan Roobroeck,NYR,20242025,NA,NA
Dylan Wendt,NJD,20242025,NA,NA
Dyllan Gill,TBL,20242025,NA,NA
Easton Cowan,TOR,20232024,NA,NA
Eduard Sale,SEA,20232024,NA,NA
Eemil Viro,DET,20212022,NA,NA
Eetu Liukas,NYI,20232024,NA,NA
Elias Pettersson,VAN,20182019,NA,NA
Elias Pettersson,VAN,20212022,NA,NA
Elias Pettersson,VAN,20232024,NA,NA
Elias Pettersson,VAN,20242025,8480012,manual override: 8y/11.6M AAV 2024 VAN UFA deal is C Elias Pettersson (8480012)
Emil Andrae,PHI,20232024,NA,NA
Emil Hemming,DAL,20242025,NA,NA
Emil Pieniniemi,PIT,20232024,NA,NA
Emmitt Finnie,DET,20242025,NA,NA
Eriks Mateiko,WSH,20242025,NA,NA
Ethan Cardwell,SJS,20232024,NA,NA
Ethan Del Mastro,CHI,20222023,NA,NA
Ethan Gauthier,TBL,20232024,NA,NA
Ethan Samson,PHI,20222023,NA,NA
Etienne Morin,CGY,20242025,NA,NA
Evan Nause,FLA,20222023,NA,NA
Fabian Lysell,BOS,20212022,NA,NA
Fabian Wagner,WPG,20232024,NA,NA
Fedor Svechkov,NSH,20232024,NA,NA
Felix Unger Sorum,CAR,20232024,NA,NA
Filip Bystedt,SJS,20232024,NA,NA
Filip Mesar,MTL,20222023,NA,NA
Florian Xhekaj,MTL,20242025,NA,NA
Francesco Arcuri,DAL,20222023,NA,NA
Fraser Minten,TOR,20222023,NA,NA
Frederic Brunet,BOS,20232024,NA,NA
Gabriel Szturc,TBL,20242025,NA,NA
Gannon Laroque,SJS,20222023,NA,NA
Gavin Brindley,CBJ,20242025,NA,NA
Gavin Hayes,CHI,20232024,NA,NA
Gavin White,DAL,20232024,NA,NA
Georgii Merkulov,BOS,20222023,NA,NA
Gleb Trikozov,CAR,20242025,NA,NA
Gracyn Sawchyn,FLA,20242025,NA,NA
Graeme Clarke,NJD,20212022,NA,NA
Graeme Clarke,MIN,20242025,NA,NA
Harrison Brunicke,PIT,20242025,NA,NA
Helge Grans,LAK,20212022,NA,NA
Henrik Rybinski,WSH,20222023,NA,NA
Hunter Brzustewicz,CGY,20242025,NA,NA
Hunter McDonald,PHI,20242025,NA,NA
Hunter Skinner,NYR,20212022,NA,NA
Hunter Skinner,STL,20242025,NA,NA
Hunter St. Martin,FLA,20242025,NA,NA
Igor Chernyshov,SJS,20242025,NA,NA
Ilya Protas,WSH,20242025,NA,NA
Ilya Usau,TBL,20222023,NA,NA
Isaac Belliveau,PIT,20232024,NA,NA
Isaiah George,NYI,20232024,NA,NA
Isak Rosen,BUF,20222023,NA,NA
Ivan Ivan,COL,20242025,NA,NA
Ivan Miroshnichenko,WSH,20232024,NA,NA
Jack Finley,TBL,20202021,NA,NA
Jack Matier,NSH,20212022,NA,NA
Jack Peart,MIN,20242025,NA,NA
Jack St. Ivany,PIT,20222023,NA,NA
Jack St. Ivany,PIT,20242025,NA,NA
Jack Thompson,TBL,20212022,NA,NA
Jackson Edward,BOS,20232024,NA,NA
Jacob Gaucher,PHI,20242025,NA,NA
Jacob Melanson,SEA,20222023,NA,NA
Jagger Firkus,SEA,20232024,NA,NA
Jake Chiasson,EDM,20232024,NA,NA
Jake Furlong,SJS,20232024,NA,NA
Jakub Brabenec,VGK,20222023,NA,NA
Jakub Demek,VGK,20232024,NA,NA
Jakub Dvorak,LAK,20232024,NA,NA
Jakub Rychlovsky,DET,20242025,NA,NA
Jakub Stancl,STL,20242025,NA,NA
Jalen Luypen,CHI,20222023,NA,NA
James Malatesta,CBJ,20222023,NA,NA
James Stefan,EDM,20242025,NA,NA
Jamieson Rees,CAR,20202021,NA,NA
Jamieson Rees,OTT,20242025,NA,NA
Jan Mysak,MTL,20212022,NA,NA
Jani Nyman,SEA,20232024,NA,NA
Jared Davidson,MTL,20242025,NA,NA
Jaroslav Chmelar,NYR,20242025,NA,NA
Jason Polin,COL,20232024,NA,NA
Jason Polin,COL,20242025,NA,NA
Jaxon Nelson,BOS,20242025,NA,NA
Jaxsen Wiebe,ANA,20232024,NA,NA
Jayden Grubbe,EDM,20232024,NA,NA
Jaydon Dureau,TBL,20222023,NA,NA
Jere Innala,COL,20242025,NA,NA
Jeremie Biakabutuka,STL,20232024,NA,NA
Jeremie Poirier,CGY,20212022,NA,NA
Jeremy Hanzel,COL,20242025,NA,NA
Jesse Nurmi,NYI,20242025,NA,NA
Jesse Pulkkinen,NYI,20242025,NA,NA
Jett Luchanko,PHI,20242025,NA,NA
Jimmy Huntington,TBL,20192020,NA,NA
Jimmy Huntington,NSH,20222023,NA,NA
Jimmy Huntington,PIT,20242025,NA,NA
Jiri Kulich,BUF,20222023,NA,NA
Joakim Kemell,NSH,20222023,NA,NA
Joe Fleming,VGK,20222023,NA,NA
Joel Nystrom,CAR,20242025,NA,NA
John Farinacci,BOS,20232024,NA,NA
Jon-Randall Avon,PHI,20212022,NA,NA
Jonathan Aspirot,OTT,20202021,NA,NA
Jonathan Aspirot,CGY,20242025,NA,NA
Jonathan Lekkerimaki,VAN,20232024,NA,NA
Joni Jurmo,CGY,20242025,NA,NA
Jordan Dumais,CBJ,20222023,NA,NA
Jordan Frasca,PIT,20222023,NA,NA
Jordan Gustafson,VGK,20232024,NA,NA
Jorian Donovan,OTT,20222023,NA,NA
Joseph Cecconi,DAL,20192020,NA,NA
Joseph Cecconi,DAL,20212022,NA,NA
Joseph Cecconi,DAL,20222023,NA,NA
Joseph Cecconi,BUF,20232024,NA,NA
Joseph Cecconi,MIN,20242025,NA,NA
Josh Bloom,BUF,20222023,NA,NA
Josh Davies,FLA,20232024,NA,NA
Josh Filmon,NJD,20232024,NA,NA
Josh Lopina,ANA,20222023,NA,NA
Judd Caulfield,ANA,20232024,NA,NA
Julian Lutz,UTA,20242025,NA,NA
Juraj Pekarcik,STL,20242025,NA,NA
Justin Ertel,DAL,20242025,NA,NA
Justin Hryckowian,DAL,20242025,NA,NA
Justin Robidas,CAR,20232024,NA,NA
Justin Sourdif,FLA,20212022,NA,NA
Kai Schwindt,FLA,20222023,NA,NA
Kalan Lind,NSH,20232024,NA,NA
Kaleb Lawrence,LAK,20242025,NA,NA
Kalle Vaisanen,NYR,20242025,NA,NA
Kasper Halttunen,SJS,20232024,NA,NA
Kevin He,WPG,20242025,NA,NA
Kim Nousiainen,LAK,20222023,NA,NA
Kirill Kudryavtsev,VAN,20232024,NA,NA
Koehn Ziemmer,LAK,20232024,NA,NA
Konsta Helenius,BUF,20242025,NA,NA
Kyle Masters,MIN,20232024,NA,NA
Kyle McDonald,DAL,20232024,NA,NA
Leo Loof,STL,20232024,NA,NA
Leon Muggli,WSH,20242025,NA,NA
Liam Greentree,LAK,20242025,NA,NA
Linus Karlsson,VAN,20222023,NA,NA
Linus Karlsson,VAN,20242025,NA,NA
Linus Karlsson,VAN,20252026,NA,NA
Lleyton Roed,SEA,20242025,NA,NA
Logan Mailloux,MTL,20222023,NA,NA
Logan Morrison,SEA,20232024,NA,NA
Loke Johansson,BOS,20242025,NA,NA
Luca Cagnoni,SJS,20242025,NA,NA
Luca Del Bel Belluz,CBJ,20222023,NA,NA
Luca Pinelli,CBJ,20242025,NA,NA
Lucas Ciona,CGY,20222023,NA,NA
Lucas Edmonds,TBL,20222023,NA,NA
Ludwig Persson,WSH,20222023,NA,NA
Lukas Dragicevic,SEA,20242025,NA,NA
Luke Henman,SEA,20212022,NA,NA
Luke Henman,SEA,20242025,NA,NA
Luke Krys,DAL,20242025,NA,NA
Luke Prokop,NSH,20202021,NA,NA
Luke Toporowski,BOS,20232024,NA,NA
Luke Tuch,MTL,20242025,NA,NA
Maksymilian Szuber,ARI,20232024,NA,NA
Marc Del Gaizo,NSH,20212022,NA,NA
Marc Del Gaizo,NSH,20242025,NA,NA
Marc Johnstone,PIT,20232024,NA,NA
Marc-Andre Gaudet,STL,20222023,NA,NA
Marek Alscher,FLA,20232024,NA,NA
Marshall Warren,NYI,20242025,NA,NA
Martin Chromiak,LAK,20212022,NA,NA
Martin Misiak,CHI,20242025,NA,NA
Mason Jobst,NYI,20192020,NA,NA
Mason Jobst,BUF,20242025,NA,NA
Mason Morelli,VGK,20232024,NA,NA
Massimo Rizzo,PHI,20242025,NA,NA
Mathias Emilio Pettersen,CGY,20202021,NA,NA
Mathias Emilio Pettersen,CGY,20232024,NA,NA
Mathias Emilio Pettersen,DAL,20242025,NA,NA
Mathias Laferriere,STL,20192020,NA,NA
Mathias Laferriere,STL,20232024,NA,NA
Mathias Laferriere,STL,20242025,NA,NA
Mathieu Cataford,VGK,20232024,NA,NA
Matt Stienburg,COL,20232024,NA,NA
Matthew Andonovski,OTT,20242025,NA,NA
Matthew Maggio,NYI,20232024,NA,NA
Matthew Robertson,NYR,20192020,NA,NA
Matthew Robertson,NYR,20242025,NA,NA
Matthew Savoie,BUF,20222023,NA,NA
Matthew Seminoff,DAL,20232024,NA,NA
Matvei Gridin,CGY,20242025,NA,NA
Matvey Petrov,EDM,20212022,NA,NA
Matyas Sapovaliv,VGK,20222023,NA,NA
Maveric Lamoureux,ARI,20222023,NA,NA
Max Lajoie,OTT,20162017,NA,NA
Max Lajoie,CAR,20212022,NA,NA
Max Lajoie,CAR,20222023,NA,NA
Max Lajoie,TOR,20232024,NA,NA
Max Lajoie,SEA,20242025,NA,NA
Max McCue,CBJ,20242025,NA,NA
Max Sasson,VAN,20232024,NA,NA
Maxim Groshev,TBL,20232024,NA,NA
Maximus Wanner,EDM,20222023,NA,NA
Maxwell Crozier,TBL,20232024,NA,NA
Michael Brandsegg-Nygard,DET,20242025,NA,NA
Michael Buchinger,STL,20232024,NA,NA
Michael Callahan,BOS,20222023,NA,NA
Michael Callahan,BOS,20242025,NA,NA
Michael Milne,MIN,20222023,NA,NA
Mikael Diotte,NJD,20242025,NA,NA
Mike Benning,FLA,20232024,NA,NA
Miko Matikka,UTA,20242025,NA,NA
Mikulas Hovorka,FLA,20242025,NA,NA
Milo Roelens,TBL,20242025,NA,NA
Mitchell Russell,SJS,20222023,NA,NA
Montana Onyebuchi,ARI,20232024,NA,NA
Nate Clurman,COL,20212022,NA,NA
Nate Clurman,COL,20232024,NA,NA
Nate Clurman,PIT,20242025,NA,NA
Nate Danielson,DET,20232024,NA,NA
Nathan Gaucher,ANA,20222023,NA,NA
Nathan Smith,ARI,20222023,NA,NA
Nathan Smith,ARI,20232024,NA,NA
Nathan Smith,VAN,20242025,NA,NA
Nathan Staios,FLA,20222023,NA,NA
Nathan Todd,STL,20212022,NA,NA
Nathan Todd,STL,20222023,NA,NA
Nathan Todd,SJS,20232024,NA,NA
Navrin Mutter,NSH,20222023,NA,NA
Nick Lardis,CHI,20242025,NA,NA
Nico Myatovic,ANA,20242025,NA,NA
Nicolas Mattinen,TOR,20242025,NA,NA
Nikita Chibrikov,WPG,20232024,NA,NA
Nikita Grebenkin,TOR,20242025,NA,NA
Nikita Novikov,BUF,20232024,NA,NA
Nikita Prishchepov,COL,20242025,NA,NA
Niko Huuhtanen,TBL,20242025,NA,NA
Nikolas Brouillard,NYR,20232024,NA,NA
Nikolas Brouillard,SEA,20242025,NA,NA
Noah Chadwick,TOR,20232024,NA,NA
Noah Ostlund,BUF,20222023,NA,NA
Noah Warren,ANA,20232024,NA,NA
Noel Gunler,CAR,20222023,NA,NA
Noel Hoefenmayer,EDM,20232024,NA,NA
Noel Hoefenmayer,EDM,20242025,NA,NA
Noel Nordh,ARI,20242025,NA,NA
Nolan Allan,CHI,20212022,NA,NA
Nolan Burke,NSH,20222023,NA,NA
Ole Julian Bjorgvik-Holm,CBJ,20212022,NA,NA
Oliver Bonk,PHI,20232024,NA,NA
Oliver Kapanen,MTL,20242025,NA,NA
Oliver Okuliar,FLA,20242025,NA,NA
Olivier Nadeau,BUF,20222023,NA,NA
Ondrej Becher,DET,20242025,NA,NA
Ondrej Pavel,COL,20232024,NA,NA
Oscar Eklind,PHI,20242025,NA,NA
Oscar Fisker Molgaard,SEA,20242025,NA,NA
Oskar Pettersson,OTT,20232024,NA,NA
Otto Stenberg,STL,20242025,NA,NA
Owen Allard,UTA,20242025,NA,NA
Owen Pickering,PIT,20222023,NA,NA
Owen Sillinger,CBJ,20242025,NA,NA
Ozzy Wiesblatt,SJS,20202021,NA,NA
Ozzy Wiesblatt,NSH,20242025,NA,NA
Parker Bell,CGY,20232024,NA,NA
Patrick Giles,FLA,20222023,NA,NA
Patrick Giles,FLA,20242025,NA,NA
Patrik Koch,ARI,20232024,NA,NA
Patrik Koch,UTA,20242025,NA,NA
Paul Ludwinski,CHI,20232024,NA,NA
Philip Kemp,EDM,20202021,NA,NA
Philip Kemp,EDM,20232024,NA,NA
Philippe Daoust,OTT,20222023,NA,NA
Pierrick Dube,WSH,20232024,NA,NA
Quentin Musty,SJS,20232024,NA,NA
Raivis Ansons,PIT,20222023,NA,NA
Rasmus Kumpulainen,MIN,20242025,NA,NA
Reid Schaefer,EDM,20222023,NA,NA
Riley Duran,BOS,20242025,NA,NA
Riley Heidt,MIN,20242025,NA,NA
Riley Kidney,MTL,20222023,NA,NA
Riley Sutter,WSH,20182019,NA,NA
Riley Sutter,WSH,20232024,NA,NA
Riley Sutter,WSH,20242025,NA,NA
Roby Jarventie,OTT,20212022,NA,NA
Rodrigo Abols,FLA,20192020,NA,NA
Rodrigo Abols,PHI,20242025,NA,NA
Rodwin Dionicio,ANA,20242025,NA,NA
Roman Schmidt,TBL,20212022,NA,NA
Ronan Seeley,CAR,20212022,NA,NA
Rory Kerins,CGY,20222023,NA,NA
Ryan Hofer,WSH,20232024,NA,NA
Ryan Mast,BOS,20222023,NA,NA
Ryan McAllister,FLA,20232024,NA,NA
Ryan O'Rourke,MIN,20212022,NA,NA
Ryan Schmelzer,NJD,20242025,NA,NA
Ryan Suzuki,CAR,20192020,NA,NA
Ryan Suzuki,CAR,20242025,NA,NA
Ryan Tverberg,TOR,20232024,NA,NA
Ryan Ufko,NSH,20242025,NA,NA
Ryan Winterton,SEA,20222023,NA,NA
Ryder Korczak,NYR,20222023,NA,NA
Ryder Rolston,CHI,20232024,NA,NA
Saige Weinstein,COL,20232024,NA,NA
Sam Colangelo,ANA,20242025,NA,NA
Sam Dickinson,SJS,20242025,NA,NA
Sam Lipkin,ARI,20242025,NA,NA
Sam Morton,CGY,20242025,NA,NA
Sam O'Reilly,EDM,20242025,NA,NA
Samu Tuomaala,PHI,20212022,NA,NA
Samuel Honzek,CGY,20232024,NA,NA
Samuel Johannesson,STL,20242025,NA,NA
Samuel Laberge,NJD,20232024,NA,NA
Samuel Laberge,NJD,20242025,NA,NA
Samuel Savoie,CHI,20232024,NA,NA
Sandis Vilmanis,FLA,20242025,NA,NA
Sasha Pastujov,ANA,20212022,NA,NA
Sawyer Mynio,VAN,20232024,NA,NA
Sean Behrens,COL,20242025,NA,NA
Sebastian Aho,CAR,20162017,NA,NA
Sebastian Aho,NYI,20172018,NA,NA
Sebastian Aho,CAR,20192020,NA,NA
Sebastian Aho,NYI,20202021,NA,NA
Sebastian Aho,NYI,20222023,NA,NA
Sebastian Aho,CAR,20232024,NA,NA
Sebastian Aho,PIT,20242025,NA,NA
Shai Buium,DET,20242025,NA,NA
Simon Lundmark,WPG,20212022,NA,NA
Simon Lundmark,WPG,20242025,NA,NA
Simon Robertsson,STL,20242025,NA,NA
Skyler Brind'Amour,CAR,20242025,NA,NA
Spencer Gill,PHI,20242025,NA,NA
Spencer Smallman,CAR,20172018,NA,NA
Spencer Smallman,CAR,20202021,NA,NA
Spencer Smallman,CAR,20212022,NA,NA
Spencer Smallman,COL,20222023,NA,NA
Spencer Smallman,WSH,20242025,NA,NA
Stian Solberg,ANA,20242025,NA,NA
Tanner Dickinson,STL,20212022,NA,NA
Tanner Howe,PIT,20242025,NA,NA
Tanner Molendyk,NSH,20232024,NA,NA
Terik Parascak,WSH,20242025,NA,NA
Terrell Goldsmith,UTA,20242025,NA,NA
Theo Lindstein,STL,20242025,NA,NA
Tij Iginla,UTA,20242025,NA,NA
Tobie Paquette-Bisson,LAK,20222023,NA,NA
Tory Dello,DET,20242025,NA,NA
Travis Barron,COL,20182019,NA,NA
Travis Barron,ARI,20232024,NA,NA
Travis Barron,UTA,20242025,NA,NA
Travis Mitchell,NYI,20232024,NA,NA
Trevor Kuntar,BOS,20232024,NA,NA
Tristan Bertucci,DAL,20242025,NA,NA
Tristan Broz,PIT,20242025,NA,NA
Tristan Luneau,ANA,20232024,NA,NA
Tristen Nielsen,VAN,20232024,NA,NA
Tucker Robertson,SEA,20232024,NA,NA
Ty Glover,PIT,20222023,NA,NA
Ty Mueller,VAN,20242025,NA,NA
Ty Nelson,SEA,20232024,NA,NA
Ty Voit,TOR,20212022,NA,NA
Tye Felhaber,DAL,20192020,NA,NA
Tye Felhaber,COL,20242025,NA,NA
Tyler Madden,LAK,20202021,NA,NA
Tyler Madden,LAK,20232024,NA,NA
Tyler Madden,LAK,20242025,NA,NA
Tyler Tullio,EDM,20212022,NA,NA
Tyrel Bauer,WPG,20222023,NA,NA
Tyson Hinds,ANA,20222023,NA,NA
Tyson Kozak,BUF,20222023,NA,NA
Vasily Ponomarev,CAR,20202021,NA,NA
Victor Mancini,NYR,20242025,NA,NA
Viktor Neuchev,BUF,20232024,NA,NA
Viliam Kmec,VGK,20242025,NA,NA
Ville Koivunen,CAR,20212022,NA,NA
Ville Ottavainen,SEA,20232024,NA,NA
Vilmer Alriksson,VAN,20242025,NA,NA
Vladislav Firstov,MIN,20222023,NA,NA
Vsevolod Komarov,BUF,20232024,NA,NA
William Stromgren,CGY,20232024,NA,NA
William Trudeau,MTL,20222023,NA,NA
William Wallinder,DET,20232024,NA,NA
Wilmer Skoog,FLA,20242025,NA,NA
Wyatt Aamodt,COL,20222023,NA,NA
Wyatt Aamodt,COL,20232024,NA,NA
Wyatt Aamodt,COL,20242025,NA,NA
Wyatt Aamodt,COL,20252026,NA,NA
Xavier Bourgault,EDM,20222023,NA,NA
Xavier Simoneau,MTL,20232024,NA,NA
Yan Kuznetsov,CGY,20212022,NA,NA
Yan Kuznetsov,CGY,20242025,NA,NA
Yegor Sidorov,ANA,20242025,NA,NA
Zac Funk,WSH,20242025,NA,NA
Zach Dean,VGK,20212022,NA,NA
Zachary Uens,FLA,20222023,NA,NA
Zack Ostapchuk,OTT,20212022,NA,NA
Zayde Wisdom,PHI,20202021,NA,NA
